{"texture": "skx", "system_sizes": [137], "t": -1, "m": 5, "q_shift": 0.17518248175182483, "n_shift": 300, "min_shift": 0.7853981633974483, "max_shift": 1.413716694115407, "mag": 0.7, "eta": 0.0}