{"texture": "skx", "system_sizes": 57, "q": 0.17543859649122806, "t": -1, "m": 5, "n_shift": 1000, "min_shift": 0.0, "max_shift": 3.141592653589793, "mag": 0.7, "phi": [4.296344874876658, 4.296344874876658], "save_spec": true, "tau1tau2": true, "u1u2": true, "tau1tau2u1u2": true, "ids": 1.031, "delta": 1e-08, "eta": 0.0}