{"texture": "skx", "system_sizes": 57, "q": 0.17543859649122806, "t": -1, "m": 5, "kbT": 0, "shift": 3.141592653589793, "mag": 0.0, "tau1tau2": true, "u1u2": true, "tau1tau2u1u2": true, "n_fermi": 2000, "min_fermi": -11.0, "max_fermi": 8.0, "delta": 1e-08}